data/instruction,data/input,data/output
What are the benefits of renewable energy?,,"It reduces greenhouse gas emissions, decreases dependence on fossil fuels, and promotes sustainability."
How does photosynthesis work?,,"Plants convert sunlight, carbon dioxide, and water into glucose and oxygen through the process of photosynthesis."
What causes global warming?,,Global warming is caused by the buildup of greenhouse gases like carbon dioxide and methane in the atmosphere.
What is the function of the human heart?,,"The heart pumps blood throughout the body, supplying oxygen and nutrients while removing waste products."
How do computers process information?,,Computers process information using a combination of hardware components and software instructions.
What are the types of renewable energy?,,"Solar, wind, hydropower, geothermal, and biomass are common types of renewable energy."
How does gravity work?,,"Gravity is the force that attracts objects toward one another, particularly towards the center of the Earth."
What is the purpose of the immune system?,,The immune system defends the body against harmful pathogens and diseases.
What are the components of a computer?,,"Key components include the CPU, RAM, hard drive, motherboard, and input/output devices."
What is artificial intelligence?,,"Artificial intelligence is the simulation of human intelligence processes by machines, especially computer systems."
What is the greenhouse effect?,,"The greenhouse effect is the process by which certain gases trap heat in the Earth's atmosphere, leading to warming."
How do vaccines work?,,Vaccines stimulate the immune system to recognize and fight pathogens without causing the disease.
What are the phases of the moon?,,"The phases include new moon, waxing crescent, first quarter, waxing gibbous, full moon, waning gibbous, last quarter, and waning crescent."
What is the water cycle?,,"The water cycle involves evaporation, condensation, precipitation, and collection."
How does the internet work?,,The internet works through a global network of servers that transmit data using standardized protocols.
What is climate change?,,"Climate change refers to long-term alterations in temperature, precipitation, and other atmospheric conditions."
What are the states of matter?,,"Solid, liquid, gas, and plasma are the four primary states of matter."
How does digestion work?,,"Digestion breaks down food into nutrients the body can absorb and use for energy, growth, and repair."
What is the function of DNA?,,DNA carries genetic information that determines the traits and functions of living organisms.
What causes earthquakes?,,Earthquakes are caused by the sudden release of energy due to the movement of tectonic plates.
What is renewable energy?,,"Renewable energy comes from natural sources that are replenished constantly, like solar, wind, and water."
How do plants grow?,,"Plants grow through photosynthesis, nutrient absorption from soil, and cell division."
What is the solar system?,,"The solar system consists of the sun, planets, moons, asteroids, comets, and other celestial objects."
How does a battery work?,,A battery stores chemical energy and converts it into electrical energy through electrochemical reactions.
What is machine learning?,,Machine learning is a type of AI where systems learn from data to make predictions or decisions.
What is the ozone layer?,,The ozone layer protects the Earth by absorbing the majority of the sun's harmful ultraviolet radiation.
How do birds fly?,,"Birds fly using their wings to generate lift, counteracting gravity through flapping and air resistance."
What causes tides?,,Tides are caused by the gravitational pull of the moon and the sun on Earth's oceans.
What is data science?,,Data science involves analyzing and interpreting complex data to support decision-making and predictions.
How do clouds form?,,Clouds form when water vapor condenses into tiny droplets around dust particles in the atmosphere.
What is blockchain technology?,,"Blockchain is a decentralized, secure, and transparent ledger technology used for recording transactions."
How does the human brain work?,,"The brain processes sensory information, controls body functions, and manages thoughts, emotions, and memory."
What is cryptocurrency?,,"Cryptocurrency is a digital or virtual currency secured by cryptography, often using blockchain technology."
What is quantum computing?,,Quantum computing uses quantum bits (qubits) to perform complex calculations faster than classical computers.
How do satellites work?,,"Satellites orbit the Earth, transmitting and receiving data for communication, navigation, and observation."
What is renewable agriculture?,,Renewable agriculture focuses on sustainable farming practices that maintain environmental health and productivity.
How do magnets work?,,Magnets produce a magnetic field that attracts or repels certain materials like iron.
What is the function of the lungs?,,The lungs facilitate the exchange of oxygen and carbon dioxide between the body and the environment.
What are the primary colors?,,"Red, blue, and yellow are the primary colors in traditional color theory."
How do airplanes fly?,,"Airplanes fly by generating lift through wing design, propulsion from engines, and controlling airflow."
What causes rain?,,Rain occurs when water vapor condenses into droplets that become heavy enough to fall from clouds.
What is genetic engineering?,,Genetic engineering involves modifying an organism's DNA to achieve desired traits or functions.
How does the digestive system work?,,"The digestive system breaks down food into nutrients, which are absorbed into the bloodstream for energy."
What is cybersecurity?,,"Cybersecurity involves protecting computer systems and networks from digital attacks, data breaches, and unauthorized access."
